{"cameraMode":{"drawMode":0,"name":"Shaded","section":"Shading Mode"},"sceneLighting":true,"audioPlay":false,"sceneViewState":{"m_AlwaysRefresh":false,"showFog":true,"showSkybox":true,"showFlares":true,"showImageEffects":true,"showParticleSystems":true,"showVisualEffectGraphs":true,"m_FxEnabled":true},"in2DMode":false,"pivot":{"x":-2.1673331260681154,"y":1.6578091382980347,"z":-0.8139148354530335},"rotation":{"x":-0.10346212238073349,"y":0.8731162548065186,"z":-0.21164089441299439,"w":-0.4268355667591095},"size":7.9435906410217289,"orthographic":false}