{"cameraMode":{"drawMode":0,"name":"Shaded","section":"Shading Mode"},"sceneLighting":true,"audioPlay":false,"sceneViewState":{"m_AlwaysRefresh":false,"showFog":true,"showSkybox":true,"showFlares":true,"showImageEffects":true,"showParticleSystems":true,"showVisualEffectGraphs":true,"m_FxEnabled":true},"in2DMode":false,"pivot":{"x":-278.6297302246094,"y":440.9684753417969,"z":-311.9021301269531},"rotation":{"x":0.2733222544193268,"y":0.031086204573512079,"z":-0.009582349099218846,"w":0.9621356725692749},"size":289.52899169921877,"orthographic":false}